ride_id,ride_datetime,day_of_week,hour_of_day,pickup_zone,drop_zone,distance_km,wait_time_min,ride_time_min,fare_amount,is_completed,driver_id,rider_id,rating,cancellation_reason
1,2025-11-30 03:01:00,Sunday,3,Malleshwaram,Electronic City,7.49,3.7,24.2,161.53,1,32,115,4.3,
2,2025-11-26 23:06:00,Wednesday,23,Rajajinagar,Banashankari,10.74,5.5,27.1,221.06,0,12,217,,Rider cancelled
3,2025-11-25 00:05:00,Tuesday,0,BTM Layout,Electronic City,7.63,3.1,21.4,158.31,1,65,14,3.7,
4,2025-11-29 06:45:00,Saturday,6,Rajajinagar,Banashankari,4.31,2.0,12.0,95.23,1,70,215,5.0,
5,2025-11-26 14:37:00,Wednesday,14,Electronic City,HSR Layout,5.32,4.1,16.5,101.31,1,1,82,4.0,
6,2025-11-30 13:21:00,Sunday,13,Electronic City,Indiranagar,7.13,2.8,22.7,152.6,1,28,173,4.4,
7,2025-11-25 02:24:00,Tuesday,2,Koramangala,MG Road,2.83,5.6,7.9,48.21,1,45,136,3.9,
8,2025-12-01 01:46:00,Monday,1,Jayanagar,Yelahanka,6.59,5.5,17.1,140.82,1,16,194,4.3,
9,2025-11-25 17:18:00,Tuesday,17,HSR Layout,Rajajinagar,7.1,3.0,23.6,199.99,1,80,186,4.6,
10,2025-11-29 06:45:00,Saturday,6,Koramangala,Whitefield,1.0,4.6,5.0,40.0,0,38,41,,Rider cancelled
11,2025-12-01 07:55:00,Monday,7,Koramangala,Jayanagar,5.97,7.2,15.0,178.68,1,36,233,4.7,
12,2025-11-30 11:10:00,Sunday,11,Marathahalli,MG Road,3.48,3.4,11.7,71.94,1,27,137,4.4,
13,2025-11-30 21:41:00,Sunday,21,Koramangala,Rajajinagar,2.68,1.6,8.7,57.93,1,22,274,4.9,
14,2025-11-30 07:10:00,Sunday,7,Jayanagar,MG Road,9.08,4.7,29.6,264.13,1,35,286,5.0,
15,2025-11-26 21:20:00,Wednesday,21,HSR Layout,Banashankari,1.0,5.6,5.0,40.0,1,8,118,4.3,
16,2025-12-01 01:51:00,Monday,1,Marathahalli,Jayanagar,6.28,1.0,21.4,153.39,1,35,34,4.3,
17,2025-11-26 18:56:00,Wednesday,18,Malleshwaram,Marathahalli,5.57,5.0,19.1,172.57,1,28,256,4.5,
18,2025-11-28 20:29:00,Friday,20,Indiranagar,Marathahalli,6.41,7.0,21.7,180.63,1,18,127,4.2,
19,2025-11-30 17:34:00,Sunday,17,Electronic City,Banashankari,6.82,3.1,22.6,199.18,1,75,220,4.3,
20,2025-11-29 12:23:00,Saturday,12,BTM Layout,Indiranagar,1.75,3.2,5.0,40.0,1,66,253,4.6,
21,2025-11-25 01:55:00,Tuesday,1,Koramangala,BTM Layout,11.66,4.3,33.4,230.73,0,55,33,,Rider cancelled
22,2025-11-28 12:38:00,Friday,12,Jayanagar,Yelahanka,5.92,4.1,15.1,149.33,1,33,284,4.3,
23,2025-12-01 00:43:00,Monday,0,Malleshwaram,Koramangala,6.9,3.9,24.1,141.48,1,69,137,4.9,
24,2025-12-01 20:21:00,Monday,20,Koramangala,Marathahalli,10.26,7.6,29.4,284.65,1,56,81,4.6,
25,2025-11-28 00:46:00,Friday,0,KR Puram,Malleshwaram,12.57,2.0,31.9,258.95,1,34,257,3.8,
26,2025-12-01 05:32:00,Monday,5,KR Puram,Koramangala,6.21,1.9,19.8,140.2,1,39,260,4.1,
27,2025-11-29 06:09:00,Saturday,6,Marathahalli,HSR Layout,5.03,5.6,16.7,98.34,1,21,277,3.7,
28,2025-12-01 16:58:00,Monday,16,Whitefield,Rajajinagar,6.55,4.5,18.6,148.12,1,42,251,4.6,
29,2025-11-25 03:59:00,Tuesday,3,Marathahalli,KR Puram,6.89,4.5,21.7,153.48,1,40,123,4.5,
30,2025-11-25 07:56:00,Tuesday,7,Yelahanka,Koramangala,5.86,9.7,18.5,174.49,1,11,249,3.9,
31,2025-12-01 02:48:00,Monday,2,Hebbal,HSR Layout,8.36,6.3,26.3,173.9,1,17,66,4.7,
32,2025-11-30 15:35:00,Sunday,15,Indiranagar,Marathahalli,11.69,3.5,32.3,241.68,1,68,217,4.4,
33,2025-11-26 17:48:00,Wednesday,17,Malleshwaram,Banashankari,9.02,6.6,29.7,271.34,1,26,160,4.3,
34,2025-11-28 21:41:00,Friday,21,Marathahalli,Hebbal,14.16,5.3,39.4,293.57,1,67,232,4.0,
35,2025-11-25 07:14:00,Tuesday,7,Koramangala,MG Road,9.45,5.6,23.8,273.73,0,71,118,,Driver no-show
36,2025-11-29 07:00:00,Saturday,7,Koramangala,Banashankari,9.42,5.9,32.6,268.06,1,8,118,3.8,
37,2025-11-25 01:55:00,Tuesday,1,Marathahalli,Koramangala,4.66,5.7,12.4,100.55,1,66,122,4.5,
38,2025-11-27 21:31:00,Thursday,21,BTM Layout,Yelahanka,3.35,4.3,10.4,73.37,0,74,296,,Driver no-show
39,2025-11-28 07:50:00,Friday,7,Jayanagar,HSR Layout,4.57,6.7,14.6,138.34,1,53,98,3.8,
40,2025-11-25 03:42:00,Tuesday,3,MG Road,Marathahalli,3.19,5.0,10.7,75.37,0,60,28,,Driver no-show
41,2025-11-30 20:41:00,Sunday,20,Koramangala,Whitefield,9.55,13.7,31.5,287.86,1,52,174,4.5,
42,2025-12-01 03:15:00,Monday,3,BTM Layout,Electronic City,5.05,5.5,14.5,103.56,1,69,230,4.4,
43,2025-11-26 13:11:00,Wednesday,13,Electronic City,Hebbal,12.94,1.0,36.1,271.55,1,32,39,4.9,
44,2025-11-28 17:06:00,Friday,17,Whitefield,Malleshwaram,8.19,3.8,26.8,231.3,1,70,8,4.5,
45,2025-11-25 07:10:00,Tuesday,7,MG Road,Hebbal,8.14,4.7,24.7,214.48,1,62,110,4.5,
46,2025-12-01 12:57:00,Monday,12,Whitefield,BTM Layout,4.01,5.7,11.8,91.47,1,49,2,4.7,
47,2025-11-28 08:59:00,Friday,8,Banashankari,HSR Layout,4.4,5.3,11.7,142.54,1,59,147,4.6,
48,2025-11-28 22:46:00,Friday,22,Banashankari,Hebbal,2.22,5.8,7.7,70.33,1,63,80,4.8,
49,2025-11-26 09:13:00,Wednesday,9,Whitefield,Rajajinagar,3.44,5.0,9.8,102.97,1,70,32,4.7,
50,2025-11-30 10:03:00,Sunday,10,Whitefield,Rajajinagar,5.22,5.9,15.6,147.74,1,62,258,3.9,
51,2025-12-01 16:10:00,Monday,16,Whitefield,Yelahanka,10.9,1.1,34.2,251.56,1,11,96,3.9,
52,2025-11-25 19:04:00,Tuesday,19,Rajajinagar,KR Puram,11.49,6.0,36.3,335.08,1,31,207,4.1,
53,2025-11-25 18:15:00,Tuesday,18,Yelahanka,Rajajinagar,8.21,5.2,28.2,256.63,1,6,42,3.9,
54,2025-11-28 21:37:00,Friday,21,Yelahanka,Hebbal,12.4,1.0,42.7,277.2,1,41,134,4.2,
55,2025-11-26 21:45:00,Wednesday,21,Marathahalli,BTM Layout,5.38,3.0,18.0,112.44,1,34,203,4.8,
56,2025-11-26 21:41:00,Wednesday,21,Electronic City,Hebbal,7.07,2.6,22.1,161.96,1,41,38,4.7,
57,2025-11-25 14:39:00,Tuesday,14,Yelahanka,Koramangala,3.51,2.9,11.4,76.73,1,10,276,4.5,
58,2025-11-26 16:16:00,Wednesday,16,Indiranagar,MG Road,9.83,2.8,27.9,208.34,0,32,190,,Rider cancelled
59,2025-11-27 05:28:00,Thursday,5,HSR Layout,Hebbal,9.3,5.7,24.2,204.51,0,79,271,,Rider cancelled
60,2025-11-25 21:52:00,Tuesday,21,Hebbal,Electronic City,9.92,4.0,28.0,215.3,1,14,69,4.4,
61,2025-11-27 03:56:00,Thursday,3,Koramangala,Banashankari,6.29,5.2,19.7,126.82,1,71,80,3.9,
62,2025-11-27 09:38:00,Thursday,9,BTM Layout,Banashankari,11.47,7.6,37.8,334.35,1,44,105,4.0,
63,2025-11-30 20:54:00,Sunday,20,Electronic City,Yelahanka,8.23,4.6,24.2,228.12,1,63,129,4.3,
64,2025-12-01 01:05:00,Monday,1,Rajajinagar,MG Road,7.24,2.9,22.6,159.83,1,36,23,4.2,
65,2025-11-25 10:49:00,Tuesday,10,Indiranagar,Malleshwaram,6.59,6.5,17.0,171.94,0,21,227,,Payment issue
66,2025-11-29 22:27:00,Saturday,22,Hebbal,Whitefield,1.78,2.6,5.8,40.0,1,15,39,4.8,
67,2025-11-30 04:34:00,Sunday,4,Whitefield,KR Puram,5.52,4.0,13.9,105.97,1,48,299,4.5,
68,2025-11-29 04:27:00,Saturday,4,Indiranagar,Whitefield,3.52,5.0,12.2,93.27,1,40,187,4.7,
69,2025-12-01 01:57:00,Monday,1,Marathahalli,BTM Layout,4.8,4.4,12.3,101.27,1,32,53,4.4,
70,2025-11-27 17:56:00,Thursday,17,HSR Layout,MG Road,9.49,8.9,28.1,282.5,1,80,80,4.7,
71,2025-11-26 05:51:00,Wednesday,5,Banashankari,Indiranagar,6.55,8.4,18.2,131.65,1,53,13,3.5,
72,2025-11-26 23:59:00,Wednesday,23,Marathahalli,HSR Layout,4.42,2.5,15.4,99.55,0,32,137,,Payment issue
73,2025-11-26 22:06:00,Wednesday,22,MG Road,KR Puram,7.03,7.8,19.7,141.16,1,5,241,4.5,
74,2025-11-26 06:52:00,Wednesday,6,KR Puram,Jayanagar,2.04,7.7,7.0,56.9,1,45,157,4.2,
75,2025-12-01 07:14:00,Monday,7,Whitefield,Malleshwaram,2.86,8.7,9.9,82.85,1,25,205,4.8,
76,2025-11-27 08:55:00,Thursday,8,Koramangala,HSR Layout,3.22,4.8,8.2,90.98,1,36,180,4.4,
77,2025-11-30 16:25:00,Sunday,16,Rajajinagar,KR Puram,4.65,5.2,13.7,101.36,1,69,170,4.6,
78,2025-11-25 03:56:00,Tuesday,3,Electronic City,Indiranagar,8.13,1.8,25.4,180.19,1,75,136,4.2,
79,2025-11-25 03:38:00,Tuesday,3,MG Road,Marathahalli,10.65,4.2,32.2,250.98,1,41,224,5.0,
80,2025-11-29 16:07:00,Saturday,16,MG Road,Rajajinagar,5.25,5.9,13.8,117.61,1,25,131,4.9,
81,2025-11-25 22:27:00,Tuesday,22,Whitefield,Yelahanka,3.11,5.4,8.2,76.3,1,69,101,3.7,
82,2025-11-27 13:04:00,Thursday,13,Rajajinagar,Marathahalli,2.45,1.0,8.3,69.14,1,80,161,4.5,
83,2025-11-30 03:46:00,Sunday,3,KR Puram,Electronic City,10.89,1.2,36.6,222.83,0,53,168,,Rider cancelled
84,2025-11-28 22:18:00,Friday,22,Hebbal,Indiranagar,5.83,4.8,17.5,125.62,1,25,216,3.9,
85,2025-11-30 12:43:00,Sunday,12,Malleshwaram,Indiranagar,8.01,4.7,21.5,160.54,1,79,292,4.4,
86,2025-11-27 12:35:00,Thursday,12,HSR Layout,Whitefield,8.87,2.0,23.9,193.26,1,39,147,4.2,
87,2025-11-26 13:50:00,Wednesday,13,Yelahanka,Rajajinagar,3.62,3.8,9.8,66.59,1,42,239,5.0,
88,2025-11-28 14:43:00,Friday,14,BTM Layout,Yelahanka,6.11,2.6,20.6,136.76,0,22,44,,Driver no-show
89,2025-11-27 16:42:00,Thursday,16,Rajajinagar,Yelahanka,5.66,3.6,18.7,119.1,1,43,48,4.2,
90,2025-12-01 07:43:00,Monday,7,Electronic City,BTM Layout,7.17,1.4,22.4,224.1,1,26,76,4.4,
91,2025-11-25 01:15:00,Tuesday,1,Jayanagar,Rajajinagar,7.73,4.6,23.3,165.79,1,10,234,4.0,
92,2025-11-28 20:36:00,Friday,20,BTM Layout,Banashankari,3.18,6.4,8.8,84.26,1,50,254,3.9,
93,2025-11-28 07:09:00,Friday,7,Rajajinagar,Banashankari,13.06,7.8,43.0,381.48,1,1,55,4.0,
94,2025-12-01 13:14:00,Monday,13,Indiranagar,HSR Layout,10.57,5.1,31.0,218.68,1,67,238,3.8,
95,2025-11-25 17:15:00,Tuesday,17,KR Puram,HSR Layout,10.78,9.8,30.8,294.57,0,18,238,,Driver no-show
96,2025-11-30 16:35:00,Sunday,16,Yelahanka,Marathahalli,7.69,2.7,20.7,158.32,1,57,259,4.5,
97,2025-11-28 17:28:00,Friday,17,KR Puram,Indiranagar,5.51,6.5,14.4,155.54,1,61,231,4.1,
98,2025-11-27 07:53:00,Thursday,7,Rajajinagar,Electronic City,10.27,7.0,35.2,291.18,1,67,249,3.7,
99,2025-11-30 07:17:00,Sunday,7,Jayanagar,Koramangala,9.63,4.7,27.2,281.01,1,37,121,3.8,
100,2025-11-27 10:20:00,Thursday,10,KR Puram,Hebbal,8.14,6.5,22.7,223.45,1,11,71,4.3,
101,2025-11-26 07:24:00,Wednesday,7,Malleshwaram,Indiranagar,4.37,4.7,12.4,125.39,1,28,33,4.8,
102,2025-11-28 13:21:00,Friday,13,Hebbal,Jayanagar,4.27,5.7,13.9,82.25,1,54,32,3.4,
103,2025-11-26 13:24:00,Wednesday,13,KR Puram,Banashankari,3.61,5.2,12.0,77.36,0,3,295,,Rider cancelled
104,2025-11-28 15:00:00,Friday,15,Marathahalli,Electronic City,7.11,2.8,24.5,158.26,1,50,215,4.4,
105,2025-11-29 23:47:00,Saturday,23,Hebbal,HSR Layout,9.5,4.5,25.1,196.29,1,78,113,4.2,
106,2025-11-28 07:17:00,Friday,7,MG Road,Hebbal,9.18,5.2,29.1,275.01,1,4,200,4.3,
107,2025-11-27 21:43:00,Thursday,21,Banashankari,MG Road,9.6,3.2,28.2,188.03,1,22,240,4.3,
108,2025-11-26 19:34:00,Wednesday,19,Whitefield,Jayanagar,8.06,9.4,22.0,237.7,0,4,43,,Rider cancelled
109,2025-11-30 13:08:00,Sunday,13,HSR Layout,Jayanagar,1.0,4.5,5.0,40.0,0,34,195,,Driver no-show
110,2025-11-27 06:29:00,Thursday,6,Marathahalli,MG Road,1.56,6.3,5.0,40.48,1,49,143,5.0,
111,2025-12-01 13:16:00,Monday,13,HSR Layout,Koramangala,6.55,4.5,17.4,146.95,1,61,10,4.1,
112,2025-11-30 17:03:00,Sunday,17,Marathahalli,BTM Layout,8.21,5.0,26.8,249.55,1,9,21,4.2,
113,2025-12-01 00:15:00,Monday,0,BTM Layout,KR Puram,5.19,2.0,17.1,121.53,1,3,79,4.1,
114,2025-11-26 04:30:00,Wednesday,4,Rajajinagar,Koramangala,8.61,6.7,27.5,180.22,1,73,112,3.9,
115,2025-11-28 22:16:00,Friday,22,Banashankari,Marathahalli,1.0,7.0,5.0,40.0,0,78,59,,Driver no-show
116,2025-12-01 05:19:00,Monday,5,Koramangala,Rajajinagar,2.62,8.9,6.6,56.44,0,40,295,,Driver no-show
117,2025-11-30 12:25:00,Sunday,12,Malleshwaram,BTM Layout,6.33,5.5,20.2,130.28,0,32,53,,Driver no-show
118,2025-11-30 09:54:00,Sunday,9,Rajajinagar,Yelahanka,9.41,9.8,27.5,283.73,1,16,290,3.9,
119,2025-12-01 01:22:00,Monday,1,Hebbal,MG Road,5.62,4.1,17.4,133.01,1,48,36,4.4,
120,2025-11-29 20:21:00,Saturday,20,Whitefield,KR Puram,6.72,4.0,20.4,177.27,0,63,55,,Driver no-show
121,2025-11-28 11:40:00,Friday,11,KR Puram,HSR Layout,2.13,1.4,6.9,44.02,1,59,79,3.9,
122,2025-11-28 05:46:00,Friday,5,Hebbal,Malleshwaram,5.26,3.5,15.8,111.36,1,35,276,4.7,
123,2025-12-01 15:29:00,Monday,15,MG Road,KR Puram,11.55,6.3,29.0,239.98,1,76,138,3.9,
124,2025-11-27 07:53:00,Thursday,7,KR Puram,Koramangala,15.72,6.1,40.4,446.55,1,36,231,4.3,
125,2025-11-26 14:36:00,Wednesday,14,Yelahanka,Malleshwaram,4.28,2.9,10.9,82.92,1,49,173,4.5,
126,2025-11-25 15:54:00,Tuesday,15,Marathahalli,Indiranagar,5.24,7.0,15.8,125.69,1,63,109,3.5,
127,2025-11-27 08:21:00,Thursday,8,Electronic City,Rajajinagar,6.97,5.3,23.4,189.74,0,36,285,,Rider cancelled
128,2025-11-25 16:12:00,Tuesday,16,Koramangala,Electronic City,3.67,1.8,9.3,94.63,1,53,251,4.8,
129,2025-11-29 07:44:00,Saturday,7,Jayanagar,Malleshwaram,11.81,7.4,29.8,322.16,1,63,230,4.1,
130,2025-12-01 00:05:00,Monday,0,Electronic City,BTM Layout,7.47,1.6,19.4,164.85,1,52,125,4.8,
131,2025-11-27 21:37:00,Thursday,21,Marathahalli,Hebbal,7.33,3.3,23.2,171.46,1,71,272,4.7,
132,2025-11-27 13:47:00,Thursday,13,Hebbal,Marathahalli,5.07,4.7,14.8,96.55,1,46,233,4.2,
133,2025-11-27 09:16:00,Thursday,9,BTM Layout,Koramangala,11.15,4.6,34.4,308.16,1,25,162,3.9,
134,2025-11-25 23:34:00,Tuesday,23,Banashankari,Malleshwaram,11.26,1.0,31.5,257.5,0,28,248,,Driver no-show
135,2025-11-27 23:37:00,Thursday,23,Banashankari,Hebbal,4.37,4.8,14.7,97.36,1,77,145,4.5,
136,2025-11-25 06:18:00,Tuesday,6,BTM Layout,MG Road,4.91,3.9,13.6,91.19,1,23,155,4.7,
137,2025-11-25 22:34:00,Tuesday,22,Indiranagar,Marathahalli,6.51,3.6,22.7,139.06,1,6,28,4.1,
138,2025-11-29 09:44:00,Saturday,9,Indiranagar,Malleshwaram,8.59,4.0,23.8,255.28,1,63,53,4.6,
139,2025-12-01 00:36:00,Monday,0,Electronic City,Hebbal,6.77,6.0,21.0,128.6,1,62,226,3.9,
140,2025-11-27 05:03:00,Thursday,5,Electronic City,KR Puram,4.13,4.1,11.0,89.33,1,62,59,4.1,
141,2025-12-01 02:25:00,Monday,2,Jayanagar,Koramangala,4.17,1.2,11.6,79.16,1,74,28,4.9,
142,2025-11-26 04:51:00,Wednesday,4,Yelahanka,Electronic City,3.15,9.3,10.0,60.11,0,32,61,,Driver no-show
143,2025-11-29 13:38:00,Saturday,13,Yelahanka,HSR Layout,8.1,2.8,24.3,176.16,1,80,116,4.9,
144,2025-12-01 16:24:00,Monday,16,Jayanagar,Hebbal,3.89,3.9,12.4,102.62,1,39,220,4.7,
145,2025-11-27 18:39:00,Thursday,18,Whitefield,Rajajinagar,6.31,7.3,17.5,189.8,1,13,107,4.1,
146,2025-11-30 06:16:00,Sunday,6,Rajajinagar,Koramangala,5.26,3.9,14.1,117.78,1,21,123,4.6,
147,2025-11-26 17:04:00,Wednesday,17,Indiranagar,Whitefield,9.83,7.1,31.4,296.23,1,53,231,4.3,
148,2025-11-30 19:30:00,Sunday,19,Electronic City,Whitefield,3.02,6.9,8.1,87.81,1,30,148,3.9,
149,2025-11-30 09:44:00,Sunday,9,HSR Layout,Jayanagar,11.16,5.9,37.5,333.06,1,10,120,4.8,
150,2025-11-27 20:37:00,Thursday,20,Rajajinagar,HSR Layout,6.45,6.2,17.6,179.1,1,26,218,4.5,
151,2025-11-25 17:14:00,Tuesday,17,Rajajinagar,Indiranagar,6.56,8.5,16.8,176.67,1,35,73,4.9,
152,2025-11-25 01:10:00,Tuesday,1,Banashankari,Electronic City,6.59,6.1,22.3,130.53,1,77,292,4.4,
153,2025-11-27 14:07:00,Thursday,14,Jayanagar,Banashankari,9.2,3.0,27.4,212.51,1,39,207,4.3,
154,2025-11-27 16:34:00,Thursday,16,Jayanagar,Hebbal,10.36,7.2,28.4,215.3,1,11,21,3.8,
155,2025-11-28 23:20:00,Friday,23,Yelahanka,Electronic City,3.24,2.0,8.2,60.61,1,4,47,4.4,
156,2025-11-26 21:53:00,Wednesday,21,HSR Layout,Yelahanka,6.7,7.1,18.2,132.53,0,3,138,,Rider cancelled
157,2025-11-29 01:48:00,Saturday,1,Banashankari,Indiranagar,8.95,3.6,30.8,186.93,1,61,266,4.6,
158,2025-11-30 14:58:00,Sunday,14,Electronic City,Indiranagar,6.5,5.0,20.2,134.85,1,75,224,4.2,
159,2025-11-30 15:05:00,Sunday,15,Jayanagar,Marathahalli,4.13,2.9,13.5,104.81,1,53,171,4.2,
160,2025-11-27 21:06:00,Thursday,21,HSR Layout,Indiranagar,3.5,4.9,11.6,79.02,1,43,211,3.8,
161,2025-11-30 15:18:00,Sunday,15,Rajajinagar,MG Road,10.64,7.6,27.6,218.53,1,71,19,4.2,
162,2025-11-28 02:20:00,Friday,2,Electronic City,MG Road,6.86,4.7,21.6,147.63,1,15,207,4.1,
163,2025-12-01 16:52:00,Monday,16,Whitefield,Malleshwaram,1.86,2.5,6.0,40.0,1,70,237,4.5,
164,2025-11-28 01:12:00,Friday,1,Hebbal,Marathahalli,5.95,6.4,17.7,123.5,1,80,256,4.8,
165,2025-11-30 14:48:00,Sunday,14,Whitefield,Electronic City,8.05,7.7,22.3,177.44,1,35,282,4.8,
166,2025-11-26 09:28:00,Wednesday,9,KR Puram,Malleshwaram,10.46,7.0,33.5,317.59,1,63,63,4.6,
167,2025-11-25 20:38:00,Tuesday,20,Banashankari,BTM Layout,7.5,6.3,21.3,218.16,1,21,160,4.2,
168,2025-11-29 00:35:00,Saturday,0,MG Road,Koramangala,6.09,6.6,15.3,129.77,1,29,59,4.4,
169,2025-11-28 03:41:00,Friday,3,HSR Layout,Indiranagar,1.92,5.5,6.0,40.0,1,64,150,4.5,
170,2025-11-29 22:17:00,Saturday,22,MG Road,KR Puram,6.75,7.2,23.4,155.59,1,62,242,4.4,
171,2025-11-26 14:35:00,Wednesday,14,Indiranagar,Jayanagar,4.66,4.4,13.1,100.89,1,25,261,4.1,
172,2025-11-30 04:55:00,Sunday,4,Koramangala,Marathahalli,9.59,1.0,24.4,196.22,1,54,175,4.6,
173,2025-12-01 16:17:00,Monday,16,HSR Layout,Whitefield,10.7,3.9,34.1,218.92,1,37,153,3.5,
174,2025-12-01 18:37:00,Monday,18,Rajajinagar,Jayanagar,9.32,5.0,29.8,273.02,1,20,229,4.2,
175,2025-11-29 15:22:00,Saturday,15,Marathahalli,Yelahanka,2.16,5.7,7.5,54.31,1,70,194,4.3,
176,2025-11-28 10:55:00,Friday,10,BTM Layout,Banashankari,13.54,3.9,39.2,387.83,1,31,293,4.5,
177,2025-11-28 07:54:00,Friday,7,Banashankari,MG Road,7.28,6.7,19.7,194.54,1,6,163,4.9,
178,2025-11-30 15:45:00,Sunday,15,KR Puram,Banashankari,5.75,6.2,20.0,130.94,1,49,198,4.6,
179,2025-11-30 20:09:00,Sunday,20,Jayanagar,Whitefield,9.71,6.9,31.7,284.63,1,17,258,4.6,
180,2025-11-29 10:55:00,Saturday,10,Koramangala,KR Puram,7.73,8.9,20.2,212.33,1,57,52,5.0,
181,2025-11-29 14:00:00,Saturday,14,Malleshwaram,Indiranagar,5.88,1.1,15.1,132.33,1,53,80,4.2,
182,2025-11-25 15:50:00,Tuesday,15,Electronic City,MG Road,4.66,1.0,11.7,93.43,1,80,204,3.5,
183,2025-11-30 02:54:00,Sunday,2,Marathahalli,KR Puram,1.25,5.5,5.0,40.0,1,69,195,4.4,
184,2025-11-27 20:45:00,Thursday,20,KR Puram,Banashankari,7.99,3.7,24.9,229.01,1,63,278,4.4,
185,2025-11-25 19:04:00,Tuesday,19,BTM Layout,Malleshwaram,8.63,1.9,22.3,234.12,1,37,117,4.3,
186,2025-11-30 02:27:00,Sunday,2,Koramangala,HSR Layout,11.39,5.3,37.6,264.19,1,13,228,4.8,
187,2025-11-26 22:19:00,Wednesday,22,KR Puram,Whitefield,6.18,2.7,19.8,143.97,1,6,167,4.7,
188,2025-12-01 01:18:00,Monday,1,Marathahalli,MG Road,9.15,2.9,23.6,206.18,1,56,75,4.5,
189,2025-11-26 16:26:00,Wednesday,16,Yelahanka,Malleshwaram,12.23,2.6,37.0,257.95,1,24,88,4.3,
190,2025-11-26 02:39:00,Wednesday,2,HSR Layout,MG Road,5.04,4.8,17.5,116.95,1,80,124,4.2,
191,2025-11-28 18:09:00,Friday,18,BTM Layout,Hebbal,7.93,10.3,24.2,229.2,1,33,236,4.3,
192,2025-11-27 21:00:00,Thursday,21,KR Puram,Banashankari,7.84,2.0,20.2,162.76,1,60,148,3.8,
193,2025-11-30 17:10:00,Sunday,17,Koramangala,Hebbal,9.2,7.3,29.8,255.31,1,45,154,3.8,
194,2025-11-30 13:44:00,Sunday,13,Electronic City,Hebbal,6.67,6.1,19.6,154.44,1,39,102,4.4,
195,2025-11-28 15:06:00,Friday,15,BTM Layout,Jayanagar,5.48,5.8,15.2,131.71,1,74,184,4.9,
196,2025-11-29 09:44:00,Saturday,9,Electronic City,Whitefield,6.12,6.8,19.7,172.43,0,51,141,,Payment issue
197,2025-11-25 18:55:00,Tuesday,18,Rajajinagar,HSR Layout,5.99,5.9,16.4,182.28,1,7,255,4.7,
198,2025-12-01 09:49:00,Monday,9,Banashankari,BTM Layout,1.0,8.3,5.0,40.0,1,78,181,3.8,
199,2025-11-26 20:12:00,Wednesday,20,Yelahanka,Electronic City,11.48,5.1,39.8,340.63,1,18,50,4.4,
200,2025-11-30 20:02:00,Sunday,20,Electronic City,HSR Layout,4.15,8.0,12.2,114.27,1,57,18,4.9,
201,2025-11-29 11:46:00,Saturday,11,Indiranagar,Koramangala,8.55,3.3,21.7,176.45,1,38,168,4.3,
202,2025-11-30 13:11:00,Sunday,13,BTM Layout,Indiranagar,12.23,4.8,37.7,269.73,1,70,188,4.3,
203,2025-11-29 16:58:00,Saturday,16,Electronic City,KR Puram,5.41,3.9,16.4,116.71,0,62,152,,Driver no-show
204,2025-11-30 10:51:00,Sunday,10,Koramangala,Hebbal,10.2,5.8,28.7,300.61,1,10,73,4.5,
205,2025-12-01 07:55:00,Monday,7,Rajajinagar,Banashankari,10.99,1.0,32.9,327.56,1,51,286,4.1,
206,2025-11-27 02:50:00,Thursday,2,MG Road,Whitefield,7.84,1.9,27.2,167.49,1,34,275,5.0,
207,2025-11-25 14:23:00,Tuesday,14,Rajajinagar,Banashankari,5.43,4.4,17.3,120.0,1,34,300,4.6,
208,2025-11-28 20:23:00,Friday,20,Koramangala,Malleshwaram,15.21,5.9,51.2,455.84,1,30,242,4.9,
209,2025-11-25 19:56:00,Tuesday,19,Hebbal,Marathahalli,9.92,3.7,28.7,287.35,1,79,114,4.1,
210,2025-11-30 02:40:00,Sunday,2,HSR Layout,Jayanagar,5.81,4.7,19.6,144.16,1,39,210,4.6,
211,2025-11-25 04:02:00,Tuesday,4,Whitefield,Marathahalli,5.27,5.9,14.9,118.66,1,64,60,4.7,
212,2025-11-25 07:56:00,Tuesday,7,Hebbal,Indiranagar,7.11,8.8,23.6,205.67,1,50,233,4.3,
213,2025-11-27 21:47:00,Thursday,21,Malleshwaram,Hebbal,2.71,1.1,7.9,48.31,1,54,80,3.6,
214,2025-11-28 20:06:00,Friday,20,HSR Layout,Jayanagar,6.08,3.4,16.6,189.62,1,79,209,4.8,
215,2025-11-27 01:44:00,Thursday,1,Marathahalli,BTM Layout,3.94,8.5,11.3,59.45,1,57,228,5.0,
216,2025-11-26 11:06:00,Wednesday,11,Rajajinagar,Marathahalli,1.83,1.0,5.6,53.57,1,70,184,4.7,
217,2025-11-25 12:17:00,Tuesday,12,BTM Layout,Koramangala,7.78,5.7,26.9,179.98,1,59,47,4.5,
218,2025-11-30 06:41:00,Sunday,6,Rajajinagar,Yelahanka,6.31,3.9,16.2,125.48,0,7,171,,Payment issue
219,2025-11-26 04:50:00,Wednesday,4,Yelahanka,BTM Layout,5.16,1.0,14.4,109.1,1,9,284,4.6,
220,2025-11-26 18:13:00,Wednesday,18,HSR Layout,KR Puram,12.18,7.8,39.2,338.12,1,30,169,4.0,
221,2025-12-01 04:50:00,Monday,4,KR Puram,Yelahanka,5.33,5.1,14.3,103.32,1,1,142,4.2,
222,2025-12-01 04:08:00,Monday,4,Hebbal,Electronic City,6.96,1.0,24.1,158.59,1,23,57,4.6,
223,2025-11-30 00:08:00,Sunday,0,Whitefield,MG Road,10.09,4.3,34.8,219.17,1,31,166,4.4,
224,2025-11-25 05:16:00,Tuesday,5,Whitefield,BTM Layout,6.12,2.6,19.0,126.42,1,54,270,4.0,
225,2025-11-25 23:04:00,Tuesday,23,Jayanagar,Hebbal,3.92,2.6,13.0,95.17,1,47,263,4.2,
226,2025-11-29 03:28:00,Saturday,3,Hebbal,BTM Layout,6.84,2.3,21.1,169.84,1,79,23,4.7,
227,2025-11-30 21:33:00,Sunday,21,Electronic City,Hebbal,7.24,3.6,18.3,150.98,1,4,32,4.8,
228,2025-11-28 12:27:00,Friday,12,Rajajinagar,Koramangala,12.63,2.9,39.1,260.58,1,63,228,4.1,
229,2025-11-25 02:20:00,Tuesday,2,Yelahanka,Indiranagar,10.92,7.4,34.9,232.8,0,36,300,,Driver no-show
230,2025-11-29 22:20:00,Saturday,22,MG Road,Rajajinagar,7.71,7.3,21.4,158.56,1,68,151,3.9,
231,2025-11-28 16:38:00,Friday,16,MG Road,Koramangala,4.05,1.6,10.4,87.77,1,15,283,3.8,
232,2025-11-30 06:27:00,Sunday,6,Jayanagar,BTM Layout,6.99,5.7,21.2,163.59,1,53,174,3.9,
233,2025-12-01 14:25:00,Monday,14,MG Road,Banashankari,11.02,4.8,32.7,243.11,1,13,161,4.4,
234,2025-11-28 10:42:00,Friday,10,Electronic City,MG Road,9.62,4.2,26.0,272.39,1,20,243,4.1,
235,2025-11-25 02:53:00,Tuesday,2,Koramangala,Indiranagar,3.79,6.5,12.0,71.77,1,56,50,4.2,
236,2025-11-30 23:23:00,Sunday,23,Banashankari,Indiranagar,9.64,4.3,29.1,210.37,1,72,31,4.3,
237,2025-11-29 17:35:00,Saturday,17,Marathahalli,Malleshwaram,8.4,5.7,27.6,236.92,1,16,211,3.9,
238,2025-11-27 21:48:00,Thursday,21,MG Road,KR Puram,1.0,5.0,5.0,40.0,1,7,148,5.0,
239,2025-11-29 09:22:00,Saturday,9,Koramangala,Rajajinagar,7.98,7.7,27.9,235.41,1,65,109,4.3,
240,2025-11-26 21:30:00,Wednesday,21,BTM Layout,KR Puram,8.76,3.4,29.5,186.34,1,14,180,4.8,
241,2025-12-01 17:23:00,Monday,17,Koramangala,HSR Layout,7.48,4.5,20.0,212.64,1,36,294,4.4,
242,2025-11-26 13:54:00,Wednesday,13,Hebbal,HSR Layout,9.26,4.9,24.4,195.63,1,80,286,4.7,
243,2025-11-25 19:59:00,Tuesday,19,Rajajinagar,KR Puram,12.17,7.1,32.6,335.11,1,35,15,4.2,
244,2025-11-26 08:44:00,Wednesday,8,Banashankari,Electronic City,6.17,5.6,15.6,174.79,1,44,180,4.6,
245,2025-11-25 05:55:00,Tuesday,5,Indiranagar,Rajajinagar,5.79,5.0,16.3,114.33,1,52,36,4.3,
246,2025-11-26 23:40:00,Wednesday,23,Whitefield,Indiranagar,2.37,5.2,7.4,49.42,1,68,111,5.0,
247,2025-11-28 13:29:00,Friday,13,Marathahalli,Indiranagar,6.45,3.3,22.5,136.84,1,48,160,4.3,
248,2025-11-30 10:49:00,Sunday,10,Yelahanka,Rajajinagar,6.84,6.3,20.6,201.31,0,7,80,,Driver no-show
249,2025-11-26 19:03:00,Wednesday,19,Rajajinagar,Koramangala,11.57,7.9,35.0,318.8,1,35,227,3.8,
250,2025-11-30 13:31:00,Sunday,13,Yelahanka,Jayanagar,5.33,1.7,17.7,99.11,1,54,140,4.2,
251,2025-11-26 16:07:00,Wednesday,16,Marathahalli,Jayanagar,1.0,2.9,5.0,40.0,1,15,146,4.4,
252,2025-11-30 21:37:00,Sunday,21,Jayanagar,Yelahanka,7.74,4.2,22.9,156.98,1,40,24,4.4,
253,2025-11-26 12:38:00,Wednesday,12,Whitefield,Koramangala,3.2,3.1,10.4,61.19,1,27,155,3.9,
254,2025-11-26 04:48:00,Wednesday,4,Electronic City,Marathahalli,1.16,6.9,5.0,40.0,0,1,255,,Driver no-show
255,2025-11-30 13:11:00,Sunday,13,Indiranagar,Jayanagar,3.99,6.1,12.7,93.92,1,69,118,4.2,
256,2025-11-29 17:53:00,Saturday,17,Rajajinagar,HSR Layout,14.47,4.8,45.7,432.58,0,51,22,,Driver no-show
257,2025-11-28 00:29:00,Friday,0,KR Puram,Koramangala,10.68,4.1,28.3,218.77,1,41,295,5.0,
258,2025-11-28 18:25:00,Friday,18,Malleshwaram,Rajajinagar,8.41,5.3,21.6,239.72,1,54,149,3.9,
259,2025-11-25 12:01:00,Tuesday,12,Marathahalli,Indiranagar,3.09,6.4,9.8,60.67,1,80,236,4.8,
260,2025-12-01 22:58:00,Monday,22,Marathahalli,Koramangala,8.16,6.0,25.5,169.84,1,56,55,4.3,
261,2025-11-26 13:37:00,Wednesday,13,MG Road,Yelahanka,5.25,6.7,16.5,119.81,1,11,203,4.1,
262,2025-12-01 09:47:00,Monday,9,Marathahalli,BTM Layout,10.78,6.1,33.2,314.32,1,43,87,4.6,
263,2025-11-25 16:40:00,Tuesday,16,Koramangala,Yelahanka,9.22,3.3,31.6,195.44,1,66,100,4.0,
264,2025-12-01 11:22:00,Monday,11,Malleshwaram,KR Puram,1.0,8.1,5.0,40.0,1,19,121,4.2,
265,2025-11-25 04:16:00,Tuesday,4,BTM Layout,Indiranagar,5.17,4.6,14.4,118.49,1,78,79,4.3,
266,2025-12-01 20:04:00,Monday,20,Indiranagar,HSR Layout,8.85,5.5,29.6,274.52,1,64,238,4.7,
267,2025-12-01 18:48:00,Monday,18,Yelahanka,Jayanagar,11.52,6.4,40.1,325.52,0,73,166,,Rider cancelled
268,2025-12-01 20:20:00,Monday,20,Indiranagar,Hebbal,9.2,4.7,30.5,280.82,1,9,241,4.4,
269,2025-11-28 20:19:00,Friday,20,Banashankari,Electronic City,8.93,9.4,27.6,263.71,1,76,29,3.6,
270,2025-11-27 16:04:00,Thursday,16,Electronic City,Hebbal,8.26,4.8,25.9,178.38,1,58,20,3.9,
271,2025-11-25 11:53:00,Tuesday,11,Electronic City,Koramangala,5.37,2.3,17.7,134.69,1,12,260,4.6,
272,2025-11-28 14:37:00,Friday,14,Hebbal,HSR Layout,2.41,4.9,6.9,50.35,1,6,231,4.4,
273,2025-12-01 18:41:00,Monday,18,BTM Layout,MG Road,5.65,7.3,19.5,156.81,1,78,244,4.2,
274,2025-11-29 04:03:00,Saturday,4,Jayanagar,Koramangala,8.17,3.3,28.6,198.54,1,44,44,4.3,
275,2025-11-29 20:11:00,Saturday,20,Whitefield,Electronic City,8.67,7.9,25.1,233.43,1,57,225,4.8,
276,2025-11-29 16:39:00,Saturday,16,Indiranagar,MG Road,4.34,9.1,13.7,110.0,1,48,145,5.0,
277,2025-11-28 13:49:00,Friday,13,Marathahalli,Malleshwaram,12.18,6.4,38.7,273.55,1,77,27,4.2,
278,2025-12-01 20:41:00,Monday,20,Marathahalli,Koramangala,5.55,6.0,14.2,163.73,1,43,49,4.8,
279,2025-11-29 21:24:00,Saturday,21,Electronic City,Marathahalli,6.27,7.0,18.4,127.71,1,78,77,3.6,
280,2025-11-27 02:37:00,Thursday,2,Rajajinagar,Indiranagar,5.75,3.8,17.8,114.68,1,45,159,5.0,
281,2025-11-30 22:42:00,Sunday,22,MG Road,Indiranagar,9.66,5.2,25.3,200.58,1,77,44,4.8,
282,2025-11-27 17:24:00,Thursday,17,Rajajinagar,HSR Layout,13.65,9.1,36.7,389.47,1,43,66,3.6,
283,2025-11-30 22:53:00,Sunday,22,Malleshwaram,Rajajinagar,6.97,3.7,19.2,153.66,1,68,48,4.2,
284,2025-11-30 21:27:00,Sunday,21,Hebbal,Marathahalli,2.49,1.0,6.6,52.42,1,3,186,5.0,
285,2025-11-27 05:13:00,Thursday,5,Marathahalli,HSR Layout,10.98,3.1,35.9,230.77,1,63,99,4.6,
286,2025-11-26 04:09:00,Wednesday,4,Koramangala,Marathahalli,8.3,6.5,28.7,182.79,1,13,260,4.3,
287,2025-12-01 17:53:00,Monday,17,Malleshwaram,Hebbal,5.37,4.3,18.3,166.29,1,5,173,4.1,
288,2025-12-01 19:08:00,Monday,19,Yelahanka,MG Road,12.48,5.5,32.0,328.62,1,20,84,4.7,
289,2025-11-26 22:49:00,Wednesday,22,Yelahanka,HSR Layout,8.21,3.4,20.7,173.31,1,22,225,4.6,
290,2025-11-25 13:23:00,Tuesday,13,Rajajinagar,Banashankari,1.31,2.9,5.0,40.0,0,57,146,,Driver no-show
291,2025-12-01 23:50:00,Monday,23,Jayanagar,BTM Layout,2.24,4.6,6.6,40.0,0,40,241,,Rider cancelled
292,2025-12-01 06:23:00,Monday,6,Rajajinagar,Yelahanka,1.15,6.3,5.0,40.0,1,57,237,4.0,
293,2025-12-01 09:49:00,Monday,9,MG Road,Yelahanka,8.6,8.3,26.0,252.26,1,68,215,4.6,
294,2025-11-26 06:51:00,Wednesday,6,Yelahanka,Indiranagar,6.53,3.3,19.9,130.65,1,33,27,3.3,
295,2025-11-30 15:55:00,Sunday,15,Marathahalli,Yelahanka,7.31,5.8,21.7,163.75,1,14,265,5.0,
296,2025-12-01 03:18:00,Monday,3,Koramangala,HSR Layout,6.06,2.5,20.0,126.72,1,21,140,4.1,
297,2025-11-28 16:09:00,Friday,16,HSR Layout,MG Road,4.55,2.1,14.8,102.95,1,12,114,4.4,
298,2025-12-01 14:56:00,Monday,14,Marathahalli,Whitefield,5.12,1.0,17.9,122.5,1,54,28,4.4,
299,2025-11-28 16:23:00,Friday,16,BTM Layout,Jayanagar,5.46,10.4,14.2,111.06,1,11,192,4.8,
300,2025-11-26 00:20:00,Wednesday,0,KR Puram,Koramangala,6.34,1.1,17.7,154.05,1,43,75,4.9,
301,2025-11-26 01:18:00,Wednesday,1,KR Puram,HSR Layout,4.66,6.6,15.9,107.78,1,61,72,4.0,
302,2025-12-01 22:30:00,Monday,22,Jayanagar,Rajajinagar,4.07,6.1,13.7,86.29,0,11,10,,Driver no-show
303,2025-11-27 06:53:00,Thursday,6,Indiranagar,Yelahanka,4.79,2.1,14.1,107.34,1,78,271,4.5,
304,2025-11-28 03:49:00,Friday,3,Electronic City,BTM Layout,10.24,3.8,35.7,231.58,1,39,63,4.0,
305,2025-11-25 07:26:00,Tuesday,7,Rajajinagar,HSR Layout,9.28,5.6,24.7,273.5,1,80,235,4.9,
306,2025-11-25 03:53:00,Tuesday,3,KR Puram,Jayanagar,13.77,5.2,35.5,293.71,1,77,275,4.5,
307,2025-11-25 20:32:00,Tuesday,20,Yelahanka,BTM Layout,7.11,6.3,22.8,219.85,1,19,150,4.9,
308,2025-11-28 00:39:00,Friday,0,Marathahalli,BTM Layout,5.65,1.0,16.9,115.83,1,74,214,4.1,
309,2025-11-26 21:42:00,Wednesday,21,Koramangala,Yelahanka,4.49,5.7,11.7,100.21,1,47,35,4.2,
310,2025-11-29 17:32:00,Saturday,17,Banashankari,Hebbal,5.23,9.2,16.5,148.43,1,71,11,4.7,
311,2025-11-28 15:02:00,Friday,15,Rajajinagar,MG Road,4.71,4.8,14.7,102.15,1,48,130,3.9,
312,2025-11-30 00:22:00,Sunday,0,Banashankari,Koramangala,9.56,3.1,25.6,204.84,1,45,124,4.7,
313,2025-11-30 21:40:00,Sunday,21,Koramangala,HSR Layout,4.58,5.7,14.6,86.43,1,75,171,4.0,
314,2025-11-26 01:22:00,Wednesday,1,Hebbal,Marathahalli,3.97,5.0,13.4,89.24,1,23,238,4.7,
315,2025-11-30 15:40:00,Sunday,15,Indiranagar,HSR Layout,9.33,4.8,29.6,201.01,1,18,33,4.4,
316,2025-11-30 14:02:00,Sunday,14,Electronic City,BTM Layout,3.08,6.2,9.4,65.42,1,6,103,4.2,
317,2025-11-25 10:59:00,Tuesday,10,Electronic City,Yelahanka,7.73,6.7,21.5,222.44,1,51,279,4.6,
318,2025-11-28 08:02:00,Friday,8,Banashankari,Rajajinagar,7.22,7.5,18.2,209.95,0,46,25,,Driver no-show
319,2025-12-01 20:21:00,Monday,20,Electronic City,Koramangala,5.19,8.2,17.3,155.3,1,48,224,5.0,
320,2025-11-28 23:28:00,Friday,23,KR Puram,MG Road,5.33,3.3,13.4,120.0,1,44,96,3.8,
321,2025-11-28 22:31:00,Friday,22,Marathahalli,HSR Layout,2.84,1.9,9.2,71.65,1,67,137,5.0,
322,2025-12-01 02:46:00,Monday,2,MG Road,Koramangala,5.69,3.7,18.7,125.54,1,56,93,4.9,
323,2025-11-29 09:20:00,Saturday,9,Koramangala,Indiranagar,5.22,6.5,13.5,157.49,0,38,157,,Driver no-show
324,2025-11-28 19:45:00,Friday,19,MG Road,Indiranagar,9.5,6.4,28.7,283.9,1,57,180,4.1,
325,2025-11-28 01:46:00,Friday,1,HSR Layout,Marathahalli,1.0,5.0,5.0,40.0,1,79,223,5.0,
326,2025-11-27 20:50:00,Thursday,20,Whitefield,Indiranagar,11.94,9.3,32.7,347.67,1,52,187,4.2,
327,2025-11-29 23:43:00,Saturday,23,Indiranagar,Whitefield,3.47,8.3,12.0,75.07,1,19,225,4.4,
328,2025-11-25 04:04:00,Tuesday,4,BTM Layout,HSR Layout,11.09,2.8,30.5,238.12,1,47,186,4.2,
329,2025-11-28 18:02:00,Friday,18,Yelahanka,Indiranagar,7.89,5.1,27.4,224.74,1,58,190,3.8,
330,2025-11-27 14:48:00,Thursday,14,Koramangala,Rajajinagar,5.75,1.0,15.6,129.79,1,18,272,4.4,
331,2025-11-27 12:20:00,Thursday,12,Rajajinagar,Electronic City,3.74,4.6,11.3,94.32,1,32,59,4.3,
332,2025-11-25 23:11:00,Tuesday,23,Jayanagar,Yelahanka,8.01,4.4,20.9,161.87,1,50,288,4.8,
333,2025-11-25 08:49:00,Tuesday,8,Electronic City,Banashankari,8.06,9.8,28.2,236.4,1,58,110,4.0,
334,2025-11-29 09:44:00,Saturday,9,KR Puram,Jayanagar,3.46,2.4,11.8,85.47,1,26,63,3.8,
335,2025-11-26 02:28:00,Wednesday,2,Indiranagar,Banashankari,8.69,3.0,24.0,186.54,1,57,45,5.0,
336,2025-12-01 21:54:00,Monday,21,Marathahalli,Malleshwaram,8.69,3.5,25.7,178.35,1,45,34,4.3,
337,2025-11-29 17:18:00,Saturday,17,KR Puram,Electronic City,5.04,5.7,13.0,143.34,1,21,90,4.5,
338,2025-12-01 11:32:00,Monday,11,BTM Layout,Koramangala,7.33,1.8,22.7,173.17,1,26,72,4.7,
339,2025-11-26 15:01:00,Wednesday,15,Marathahalli,Yelahanka,6.7,5.9,21.6,149.38,1,74,189,3.9,
340,2025-11-28 17:08:00,Friday,17,Yelahanka,Koramangala,8.33,5.9,23.3,235.65,1,9,159,4.2,
341,2025-11-28 22:46:00,Friday,22,Jayanagar,Yelahanka,6.28,4.3,17.9,124.16,1,53,210,4.8,
342,2025-12-01 18:04:00,Monday,18,Indiranagar,MG Road,9.28,4.7,29.5,286.99,1,10,231,4.8,
343,2025-11-28 21:33:00,Friday,21,Marathahalli,Indiranagar,3.99,6.8,13.3,85.19,1,71,94,4.3,
344,2025-12-01 04:27:00,Monday,4,Hebbal,KR Puram,8.43,5.6,24.2,163.35,1,8,64,4.8,
345,2025-11-29 04:19:00,Saturday,4,Indiranagar,BTM Layout,9.38,1.8,27.5,197.72,1,42,116,4.3,
346,2025-11-27 16:57:00,Thursday,16,Electronic City,KR Puram,8.34,6.6,23.7,192.48,1,11,129,3.7,
347,2025-11-26 20:35:00,Wednesday,20,Electronic City,Indiranagar,5.58,7.9,16.0,176.02,1,39,274,4.3,
348,2025-11-25 16:41:00,Tuesday,16,Indiranagar,Rajajinagar,6.84,2.4,20.4,151.88,1,75,79,4.7,
349,2025-11-26 21:39:00,Wednesday,21,Malleshwaram,Yelahanka,6.02,3.1,15.2,125.53,1,44,289,4.3,
350,2025-11-25 00:05:00,Tuesday,0,Whitefield,Malleshwaram,10.8,5.1,28.2,225.26,0,34,108,,Rider cancelled
351,2025-12-01 18:26:00,Monday,18,Yelahanka,Malleshwaram,10.09,5.3,31.3,290.79,1,4,255,4.6,
352,2025-11-30 17:18:00,Sunday,17,Rajajinagar,Electronic City,3.29,3.7,10.0,112.16,1,62,126,5.0,
353,2025-12-01 21:25:00,Monday,21,Electronic City,Hebbal,7.91,5.0,23.3,162.5,1,10,31,4.2,
354,2025-11-26 14:26:00,Wednesday,14,Jayanagar,Hebbal,5.5,3.1,15.2,97.4,0,78,74,,Driver no-show
355,2025-11-27 22:20:00,Thursday,22,Malleshwaram,KR Puram,8.24,1.9,24.3,179.9,1,45,205,3.5,
356,2025-11-26 11:32:00,Wednesday,11,Hebbal,Koramangala,5.14,6.2,16.0,131.39,1,41,124,4.2,
357,2025-11-28 03:17:00,Friday,3,Jayanagar,BTM Layout,5.68,9.3,15.5,105.85,0,7,149,,Driver no-show
358,2025-11-28 19:26:00,Friday,19,BTM Layout,KR Puram,8.76,6.9,26.6,255.75,1,21,168,4.2,
359,2025-11-29 23:20:00,Saturday,23,BTM Layout,HSR Layout,6.81,3.3,18.9,148.98,1,21,256,4.4,
360,2025-11-29 14:31:00,Saturday,14,KR Puram,Electronic City,9.38,3.9,29.0,194.51,1,64,12,4.2,
361,2025-11-25 12:32:00,Tuesday,12,Jayanagar,BTM Layout,4.21,6.7,12.7,101.62,1,28,299,4.5,
362,2025-11-27 01:03:00,Thursday,1,Electronic City,Hebbal,5.84,4.6,19.4,133.89,1,77,241,4.4,
363,2025-11-27 17:00:00,Thursday,17,HSR Layout,Koramangala,7.41,5.7,24.8,222.43,1,56,69,3.2,
364,2025-11-27 23:23:00,Thursday,23,Banashankari,MG Road,7.97,4.4,20.1,178.75,1,47,24,4.8,
365,2025-11-28 01:36:00,Friday,1,Hebbal,BTM Layout,3.68,4.8,10.3,72.36,1,47,284,4.7,
366,2025-11-27 02:24:00,Thursday,2,Hebbal,Jayanagar,8.86,5.0,24.8,196.43,1,71,144,4.6,
367,2025-12-01 19:43:00,Monday,19,Yelahanka,Koramangala,6.08,6.9,19.8,188.71,1,17,50,4.6,
368,2025-11-28 11:50:00,Friday,11,Marathahalli,Yelahanka,7.05,6.1,18.3,147.26,1,47,74,4.1,
369,2025-11-26 19:32:00,Wednesday,19,MG Road,Yelahanka,5.97,5.7,17.0,152.04,1,6,24,4.5,
370,2025-11-25 04:45:00,Tuesday,4,Marathahalli,HSR Layout,6.0,2.4,19.8,115.72,1,61,266,4.1,
371,2025-11-28 04:38:00,Friday,4,KR Puram,Hebbal,3.69,2.1,12.2,89.4,0,79,164,,Driver no-show
372,2025-11-26 12:39:00,Wednesday,12,Malleshwaram,KR Puram,5.42,3.5,14.8,95.22,1,39,173,4.5,
373,2025-11-29 16:34:00,Saturday,16,Jayanagar,Banashankari,6.83,6.7,17.9,131.39,1,73,154,3.2,
374,2025-11-28 00:23:00,Friday,0,Marathahalli,Malleshwaram,6.55,7.6,16.8,150.54,1,15,214,4.7,
375,2025-11-29 09:50:00,Saturday,9,KR Puram,Malleshwaram,5.08,7.0,15.5,151.66,1,4,243,4.5,
376,2025-11-27 20:50:00,Thursday,20,Banashankari,Yelahanka,6.47,5.9,18.0,167.06,1,74,117,4.2,
377,2025-11-30 01:37:00,Sunday,1,Jayanagar,Indiranagar,6.46,2.4,16.1,146.81,1,68,195,4.3,
378,2025-11-26 21:15:00,Wednesday,21,Whitefield,Rajajinagar,6.47,5.7,18.2,129.56,1,15,98,3.8,
379,2025-11-25 14:20:00,Tuesday,14,MG Road,Indiranagar,3.54,3.0,11.7,86.48,1,53,105,4.8,
380,2025-11-28 16:49:00,Friday,16,Yelahanka,Jayanagar,5.59,4.8,14.5,116.91,1,8,71,3.4,
381,2025-11-29 06:35:00,Saturday,6,Marathahalli,Malleshwaram,5.6,6.8,14.0,126.83,1,62,270,4.7,
382,2025-11-28 10:11:00,Friday,10,Jayanagar,Yelahanka,11.71,6.2,32.8,336.34,1,44,280,4.6,
383,2025-11-27 21:49:00,Thursday,21,HSR Layout,Malleshwaram,9.61,3.7,33.2,208.38,1,34,248,3.8,
384,2025-11-26 07:17:00,Wednesday,7,Hebbal,Electronic City,1.11,4.9,5.0,40.0,1,29,153,4.2,
385,2025-12-01 09:45:00,Monday,9,BTM Layout,Banashankari,12.36,6.7,33.5,354.63,1,63,163,4.8,
386,2025-11-28 11:35:00,Friday,11,KR Puram,Banashankari,5.77,5.3,17.9,114.72,1,36,148,4.5,
387,2025-11-25 18:43:00,Tuesday,18,Hebbal,MG Road,5.29,4.3,16.6,164.64,1,51,177,4.1,
388,2025-12-01 04:18:00,Monday,4,Whitefield,Marathahalli,7.92,3.3,22.7,175.74,1,11,178,4.4,
389,2025-11-28 20:16:00,Friday,20,Malleshwaram,Jayanagar,4.99,7.5,12.6,135.77,1,28,104,4.3,
390,2025-12-01 17:17:00,Monday,17,KR Puram,Hebbal,5.02,1.0,15.2,142.76,1,35,71,4.5,
391,2025-11-25 19:47:00,Tuesday,19,Yelahanka,BTM Layout,7.21,6.0,22.9,214.69,1,32,26,4.7,
392,2025-11-30 16:14:00,Sunday,16,Rajajinagar,BTM Layout,8.15,4.9,21.4,172.67,1,7,52,4.7,
393,2025-11-28 10:45:00,Friday,10,Jayanagar,Koramangala,9.78,5.3,24.6,270.14,1,18,3,4.4,
394,2025-11-29 05:26:00,Saturday,5,Rajajinagar,Jayanagar,10.65,1.5,26.6,208.93,1,62,103,4.5,
395,2025-12-01 09:20:00,Monday,9,Electronic City,Malleshwaram,8.15,6.3,26.7,239.98,1,8,46,3.7,
396,2025-11-30 18:14:00,Sunday,18,Hebbal,Banashankari,5.51,5.8,17.9,144.02,1,5,90,4.4,
397,2025-11-28 05:59:00,Friday,5,KR Puram,Whitefield,6.69,1.5,18.0,135.94,1,51,254,5.0,
398,2025-11-26 23:55:00,Wednesday,23,KR Puram,Electronic City,7.67,1.8,25.4,171.07,1,5,5,5.0,
399,2025-11-27 18:38:00,Thursday,18,Koramangala,MG Road,4.95,4.4,16.9,132.6,1,37,233,4.8,
400,2025-11-30 17:33:00,Sunday,17,Jayanagar,Indiranagar,7.77,5.4,20.6,222.07,1,65,240,4.1,
401,2025-11-27 06:51:00,Thursday,6,Koramangala,MG Road,12.27,1.0,36.8,266.86,1,21,235,4.4,
402,2025-11-30 08:45:00,Sunday,8,Indiranagar,Whitefield,6.93,5.6,21.1,213.63,1,44,152,3.8,
403,2025-11-29 21:48:00,Saturday,21,BTM Layout,Indiranagar,5.2,3.1,18.0,121.08,1,79,208,3.8,
404,2025-12-01 13:32:00,Monday,13,Marathahalli,Koramangala,7.39,8.0,19.0,142.13,1,52,49,4.5,
405,2025-11-26 04:30:00,Wednesday,4,Marathahalli,BTM Layout,6.06,2.7,18.0,135.55,1,1,134,4.7,
406,2025-11-28 07:28:00,Friday,7,Banashankari,Electronic City,4.12,4.1,12.6,123.71,1,43,155,4.3,
407,2025-11-29 23:36:00,Saturday,23,Whitefield,Marathahalli,6.0,1.5,16.9,134.32,1,47,121,4.3,
408,2025-11-25 21:07:00,Tuesday,21,Jayanagar,Electronic City,6.8,3.1,20.3,146.01,1,21,208,4.3,
409,2025-11-30 16:59:00,Sunday,16,KR Puram,Malleshwaram,4.06,5.5,14.2,88.23,1,40,61,4.1,
410,2025-11-30 09:23:00,Sunday,9,Yelahanka,BTM Layout,11.96,8.8,40.9,344.56,0,18,245,,Driver no-show
411,2025-11-26 14:47:00,Wednesday,14,Yelahanka,Marathahalli,1.0,6.0,5.0,40.0,1,54,282,4.7,
412,2025-11-28 17:51:00,Friday,17,Rajajinagar,KR Puram,4.37,7.5,11.8,124.28,0,32,42,,Driver no-show
413,2025-11-29 14:33:00,Saturday,14,Malleshwaram,Marathahalli,3.14,3.2,10.8,76.34,1,10,289,5.0,
414,2025-11-25 01:53:00,Tuesday,1,Hebbal,Yelahanka,1.31,7.2,5.0,40.0,1,26,294,4.3,
415,2025-11-29 04:10:00,Saturday,4,Marathahalli,KR Puram,8.76,3.7,26.3,204.41,1,67,227,3.9,
416,2025-11-25 21:13:00,Tuesday,21,Malleshwaram,Yelahanka,7.09,5.8,19.2,146.46,1,63,47,3.3,
417,2025-11-29 14:51:00,Saturday,14,Whitefield,Hebbal,6.6,4.9,18.7,145.21,1,17,263,4.7,
418,2025-11-28 14:36:00,Friday,14,Whitefield,Yelahanka,9.58,1.0,28.0,209.21,1,60,158,4.6,
419,2025-11-30 00:25:00,Sunday,0,Electronic City,KR Puram,4.54,2.6,15.8,100.95,1,1,112,4.0,
420,2025-11-29 02:02:00,Saturday,2,MG Road,Marathahalli,2.74,5.4,8.9,48.55,1,9,278,3.7,
421,2025-11-25 02:59:00,Tuesday,2,Jayanagar,Whitefield,3.97,6.4,13.2,77.39,1,37,210,4.7,
422,2025-11-26 04:49:00,Wednesday,4,Rajajinagar,Banashankari,5.25,2.8,16.2,128.09,1,54,192,4.5,
423,2025-11-28 14:55:00,Friday,14,KR Puram,MG Road,3.58,2.3,11.7,83.65,1,49,42,4.7,
424,2025-11-30 21:55:00,Sunday,21,Hebbal,Indiranagar,1.49,6.1,5.0,40.0,1,45,61,5.0,
425,2025-11-26 17:25:00,Wednesday,17,Hebbal,Indiranagar,17.33,7.2,57.7,504.08,1,29,2,4.2,
426,2025-12-01 00:19:00,Monday,0,Jayanagar,Malleshwaram,11.39,4.5,36.8,254.04,1,70,218,4.7,
427,2025-11-29 12:52:00,Saturday,12,BTM Layout,Electronic City,4.15,2.9,11.8,77.78,0,20,142,,Driver no-show
428,2025-11-26 23:48:00,Wednesday,23,Koramangala,Whitefield,7.32,5.6,23.6,160.02,1,54,9,4.7,
429,2025-11-26 06:04:00,Wednesday,6,Koramangala,Rajajinagar,2.72,3.2,9.0,56.85,1,5,229,4.4,
430,2025-11-29 21:45:00,Saturday,21,HSR Layout,Whitefield,1.45,3.3,5.0,40.0,1,32,23,4.5,
431,2025-11-28 14:14:00,Friday,14,Hebbal,BTM Layout,6.02,2.7,19.4,136.56,1,8,72,4.2,
432,2025-11-29 09:14:00,Saturday,9,HSR Layout,Malleshwaram,1.54,8.2,5.0,40.02,1,74,164,4.0,
433,2025-11-29 19:49:00,Saturday,19,Rajajinagar,KR Puram,10.08,5.2,32.0,299.24,1,42,122,3.8,
434,2025-11-27 04:42:00,Thursday,4,Hebbal,BTM Layout,9.64,4.5,32.8,209.14,1,53,154,4.5,
435,2025-11-27 01:35:00,Thursday,1,Yelahanka,Banashankari,1.0,4.8,5.0,40.0,1,23,219,4.8,
436,2025-11-29 15:03:00,Saturday,15,Marathahalli,Malleshwaram,4.11,7.1,10.6,81.34,1,49,269,3.7,
437,2025-11-27 22:26:00,Thursday,22,MG Road,Indiranagar,2.65,6.5,6.8,57.44,1,39,193,4.6,
438,2025-11-26 17:30:00,Wednesday,17,BTM Layout,KR Puram,11.35,8.9,30.6,318.71,1,29,154,4.4,
439,2025-12-01 22:09:00,Monday,22,Banashankari,Jayanagar,3.11,2.1,9.1,67.22,0,72,212,,Payment issue
440,2025-11-28 17:33:00,Friday,17,Indiranagar,Jayanagar,5.72,5.5,18.5,157.26,1,32,131,3.7,
441,2025-11-26 10:41:00,Wednesday,10,Koramangala,Hebbal,5.21,3.0,14.1,141.75,1,48,48,4.1,
442,2025-11-29 23:53:00,Saturday,23,BTM Layout,Whitefield,2.99,4.4,9.3,65.61,1,35,194,4.2,
443,2025-11-30 19:38:00,Sunday,19,Whitefield,KR Puram,7.19,9.3,22.6,221.61,1,10,97,4.6,
444,2025-12-01 18:46:00,Monday,18,Rajajinagar,Hebbal,4.56,7.6,12.8,145.55,1,28,246,4.8,
445,2025-11-26 10:19:00,Wednesday,10,KR Puram,Whitefield,8.81,7.1,23.8,254.12,1,28,98,4.8,
446,2025-11-30 03:47:00,Sunday,3,Banashankari,Jayanagar,9.51,3.5,29.3,205.9,1,32,105,4.7,
447,2025-11-28 07:35:00,Friday,7,Marathahalli,HSR Layout,7.81,8.2,21.0,218.77,1,37,195,4.3,
448,2025-11-28 17:41:00,Friday,17,Marathahalli,Electronic City,7.48,6.5,25.5,215.36,1,34,185,4.2,
449,2025-11-29 15:29:00,Saturday,15,Koramangala,HSR Layout,1.18,7.5,5.0,41.06,1,61,164,4.1,
450,2025-11-26 11:20:00,Wednesday,11,MG Road,Whitefield,6.79,4.6,22.0,146.28,1,73,114,4.1,
451,2025-11-30 04:01:00,Sunday,4,Electronic City,Yelahanka,3.93,2.2,10.1,74.47,1,75,297,4.7,
452,2025-11-30 13:18:00,Sunday,13,Indiranagar,Electronic City,10.46,2.8,36.1,234.04,1,43,118,4.6,
453,2025-11-28 18:53:00,Friday,18,BTM Layout,Hebbal,9.42,6.2,25.4,275.22,1,71,173,4.7,
454,2025-11-27 15:46:00,Thursday,15,Rajajinagar,Banashankari,8.66,2.5,24.9,186.14,0,22,181,,Driver no-show
455,2025-11-26 04:46:00,Wednesday,4,Hebbal,Jayanagar,9.22,8.7,25.5,199.61,1,24,278,4.6,
456,2025-11-30 01:33:00,Sunday,1,Whitefield,KR Puram,5.31,6.9,16.6,109.41,1,10,25,5.0,
457,2025-12-01 00:26:00,Monday,0,Indiranagar,KR Puram,11.98,2.5,41.2,259.49,1,30,35,4.8,
458,2025-11-30 04:00:00,Sunday,4,BTM Layout,Yelahanka,4.84,3.9,13.6,103.22,1,59,192,4.1,
459,2025-11-25 19:40:00,Tuesday,19,Rajajinagar,Yelahanka,6.52,8.9,20.6,186.22,1,62,250,4.2,
460,2025-11-25 00:34:00,Tuesday,0,Hebbal,MG Road,8.37,4.7,27.7,180.66,1,2,9,4.2,
461,2025-11-29 23:17:00,Saturday,23,Hebbal,Electronic City,2.74,2.3,8.3,45.82,1,3,258,3.9,
462,2025-12-01 22:43:00,Monday,22,MG Road,HSR Layout,7.45,5.1,20.9,157.85,0,23,55,,Payment issue
463,2025-11-25 16:09:00,Tuesday,16,BTM Layout,Electronic City,6.98,4.2,24.0,132.35,1,80,270,4.3,
464,2025-11-27 11:17:00,Thursday,11,Banashankari,MG Road,3.45,4.4,9.3,103.02,1,11,192,4.8,
465,2025-11-28 14:36:00,Friday,14,BTM Layout,Banashankari,7.45,4.8,21.9,166.4,1,29,154,4.6,
466,2025-11-30 02:41:00,Sunday,2,HSR Layout,Rajajinagar,3.22,5.1,8.8,59.34,1,5,48,4.8,
467,2025-11-28 12:24:00,Friday,12,Hebbal,Jayanagar,8.76,1.5,22.6,185.29,1,8,5,4.2,
468,2025-11-30 05:05:00,Sunday,5,Jayanagar,KR Puram,2.22,3.6,6.7,45.02,1,56,170,3.9,
469,2025-11-29 03:57:00,Saturday,3,Hebbal,Whitefield,4.31,6.0,12.6,113.45,1,30,109,5.0,
470,2025-12-01 22:56:00,Monday,22,Yelahanka,Jayanagar,7.17,2.3,21.5,160.19,1,35,24,4.6,
471,2025-11-25 21:59:00,Tuesday,21,Electronic City,Yelahanka,8.77,2.0,27.2,191.46,1,73,17,4.1,
472,2025-11-26 10:01:00,Wednesday,10,BTM Layout,Rajajinagar,6.78,4.0,19.6,200.77,1,19,204,4.4,
473,2025-11-25 09:10:00,Tuesday,9,Yelahanka,BTM Layout,3.65,5.4,12.0,106.02,1,73,200,5.0,
474,2025-11-30 17:21:00,Sunday,17,MG Road,HSR Layout,4.66,8.9,12.8,142.91,1,18,41,4.4,
475,2025-11-29 23:22:00,Saturday,23,Whitefield,Indiranagar,11.28,4.7,37.7,252.1,1,56,119,4.8,
476,2025-12-01 02:21:00,Monday,2,Yelahanka,HSR Layout,4.12,1.4,13.8,88.78,1,79,204,4.2,
477,2025-12-01 10:01:00,Monday,10,Rajajinagar,Electronic City,7.81,8.5,26.6,224.1,1,58,252,4.7,
478,2025-11-26 11:35:00,Wednesday,11,MG Road,Jayanagar,1.0,2.8,5.0,40.0,1,24,300,3.7,
479,2025-11-30 12:05:00,Sunday,12,Banashankari,Yelahanka,7.86,2.7,22.6,156.66,1,38,127,4.2,
480,2025-11-30 02:05:00,Sunday,2,Electronic City,Indiranagar,1.0,5.8,5.0,40.0,1,49,79,4.6,
481,2025-11-30 12:20:00,Sunday,12,Marathahalli,Koramangala,2.59,3.6,8.5,56.76,1,12,3,4.1,
482,2025-11-27 14:23:00,Thursday,14,Banashankari,Electronic City,6.25,4.9,20.5,151.58,1,14,68,4.4,
483,2025-11-25 05:27:00,Tuesday,5,Jayanagar,Yelahanka,10.23,4.8,31.9,213.87,1,72,263,4.2,
484,2025-11-28 03:01:00,Friday,3,Koramangala,MG Road,4.56,4.6,15.5,105.4,1,71,48,5.0,
485,2025-11-29 19:50:00,Saturday,19,Marathahalli,KR Puram,11.21,6.4,35.1,334.18,1,50,7,5.0,
486,2025-11-27 13:24:00,Thursday,13,Banashankari,Koramangala,5.35,2.3,15.0,107.76,1,72,125,4.3,
487,2025-11-29 16:10:00,Saturday,16,Rajajinagar,MG Road,1.78,4.0,5.0,47.12,1,22,72,4.1,
488,2025-11-27 09:17:00,Thursday,9,Jayanagar,Indiranagar,12.56,7.0,41.4,376.44,1,9,86,3.9,
489,2025-11-28 08:26:00,Friday,8,Electronic City,Hebbal,10.67,6.3,30.1,310.6,1,10,185,4.6,
490,2025-11-27 07:46:00,Thursday,7,Rajajinagar,Jayanagar,5.15,6.9,14.3,133.34,1,77,101,4.6,
491,2025-11-28 03:08:00,Friday,3,Electronic City,Whitefield,7.88,2.6,20.4,172.07,1,51,171,4.0,
492,2025-12-01 19:24:00,Monday,19,Banashankari,KR Puram,2.11,6.7,5.4,44.01,1,43,226,4.6,
493,2025-11-27 13:52:00,Thursday,13,HSR Layout,KR Puram,5.09,3.3,17.3,119.8,0,77,70,,Rider cancelled
494,2025-11-27 10:38:00,Thursday,10,Malleshwaram,BTM Layout,9.01,6.6,24.8,264.2,1,62,161,4.6,
495,2025-11-26 12:20:00,Wednesday,12,Electronic City,Banashankari,2.95,3.5,7.4,65.37,1,63,295,5.0,
496,2025-12-01 07:20:00,Monday,7,MG Road,Electronic City,11.25,3.4,30.7,326.47,1,51,187,5.0,
497,2025-11-25 18:12:00,Tuesday,18,Yelahanka,Hebbal,9.16,8.2,28.1,267.01,1,24,282,4.8,
498,2025-11-25 23:29:00,Tuesday,23,Malleshwaram,BTM Layout,6.43,4.0,21.0,132.79,1,57,150,5.0,
499,2025-12-01 22:04:00,Monday,22,HSR Layout,KR Puram,7.5,1.2,25.7,169.52,0,53,256,,Rider cancelled
500,2025-11-26 20:19:00,Wednesday,20,BTM Layout,Marathahalli,1.7,7.3,5.3,58.0,1,20,217,5.0,
